random_id,participant_id,n
p1f870lr3ad,frog,160
p1fu5vcb0jw,gecko,160
p2f848uts5v,seal,160
p4srv8jy742,turtle,160
p5w7c96gov4,parrot,160
p72r7lssba2,wallaby,160
p7nuv8oj173,wolf,160
p8mb85b004k,panda,160
p96ca4x9ljz,lion,160
p9s6pcpxa16,hamster,160
pa5sy1bbr89,lynx,160
pa5tcapq4q6,goldfish,160
pafnkdqo3z3,lemur,160
pdc3a6bawa1,cheetah,160
pddm2jjfvps,crow,160
pensrbfgva9,tiger,160
per55kmnnab,tortoise,160
pf8jtmehz4o,zebra,160
pfxpsl5xrad,otter,160
ph0b0mc379o,swan,160
phfrqkw4sve,wombat,160
pk2clxpcom9,whale,160
pk5a2wdn3tp,owl,160
plabddmv5od,giraffe,160
pmawevtx74m,sloth,160
pn8jq73pnhl,penguin,160
pnhatsojhc5,pony,160
pp5t65dfqxq,squirrel,160
pq1360ycbhn,ladybug,160
pqwxbtzgbf6,rabbit,160
pqy45y18whh,calf,160
pr8440gmw0w,alpaca,160
prf7thwfoc6,duck,160
prsuqrgvyz9,gazelle,160
prtgoaj6uqx,jaguar,160
ps99mtpqrto,meerkat,160
psm9eqk3tkm,bear,160
psql7uvj5l6,raccoon,160
pty9n7wuphe,camel,160
pxghjbmv8xe,goose,160
pxhc558zjn2,elk,160
pxwdrdopye0,koala,160
py4o3ag53mw,chipmunk,160
pymbfe80v0k,badger,160
pynjq7zkrwu,lamb,160
pyt5qme93ha,cub,160
